<?xml version="1.0" encoding="UTF-8"?>
<project-private xmlns="http://www.netbeans.org/ns/project-private/1">
    <editor-bookmarks xmlns="http://www.netbeans.org/ns/editor-bookmarks/2" lastBookmarkId="0"/>
    <open-files xmlns="http://www.netbeans.org/ns/projectui-open-files/2">
        <group>
            <file>file:/C:/Users/chann/Documents/mplab/sm01_plant_water/main.c</file>
            <file>file:/C:/Users/chann/Documents/mplab/sm01_plant_water/sm01_lib/sm01.h</file>
        </group>
    </open-files>
</project-private>
